<?xml version="1.0" encoding="UTF-8"?>
<ExtensionManifest Version="5.0" ExtensionBundleId="BatchEditor_v2.0" ExtensionBundleVersion="11.1"
ExtensionBundleName="Batches and Paths v 2.0" 
xmlns:xsi="http://www.w3.org/2001/XMLSchema-instance">
	<ExtensionList>
		<Extension Id="BatchEditor_v2.0" Version="10.3.0" />
	</ExtensionList>
	<ExecutionEnvironment>
		<HostList>
			<Host Name="PPRO" Version="9.0" />
		</HostList>
		<LocaleList>
			<Locale Code="All" />
		</LocaleList>
		<RequiredRuntimeList>
			<RequiredRuntime Name="CSXS" Version="6.0" />
		</RequiredRuntimeList>
	</ExecutionEnvironment>

	<DispatchInfoList>
		<Extension Id="BatchEditor_v2.0">
			<DispatchInfo >
				<Resources>
					<MainPath>./index.html</MainPath>
					<ScriptPath>./PProPanel.jsx</ScriptPath>
					<CEFCommandLine>
						<Parameter>--allow-file-access</Parameter>
						<Parameter>--allow-file-access-from-files</Parameter>
						<Parameter>--allow-running-insecure-content</Parameter>
					</CEFCommandLine>
				</Resources>
				<Lifecycle>
					<AutoVisible>true</AutoVisible>
					<!-- <StartOn> -->
                        <!-- Premiere Pro dispatches this event whenever it gains focus from the OS -->
                        <!-- <Event>com.adobe.csxs.events.ApplicationActivate</Event> -->
                    <!-- </StartOn> -->
				</Lifecycle>
				<UI>
					<Type>Panel</Type>
					<Menu>Batches and Paths v 2.0</Menu>
					<Geometry>
						<Size>
							<Height>300</Height>
							<Width>180</Width>
						</Size>
					</Geometry>
				</UI>
			</DispatchInfo>
		</Extension>
	</DispatchInfoList>
</ExtensionManifest>
